Name,Address,Date
Mark Cabrera,"8092 Petty Brooks Suite 674
Port Michael, VT 17925",2001-07-27
Travis Branch,"380 Lauren Village
Jeffreyland, MD 17631",2025-02-28
Jennifer Carlson,"358 Thomas Unions Apt. 284
North Kevinfort, MN 62576",2009-09-28
Lisa Riley,"85918 Gordon Road
North Christieburgh, IN 65084",2022-04-29
Anthony Fowler,"Unit 9936 Box 6695
DPO AE 52440",1983-06-05
Rebecca Gardner,"7794 Chambers Path Apt. 549
North Elizabeth, TN 74774",2006-09-29
Mr. David Mccarthy MD,"Unit 1166 Box 6247
DPO AE 82948",2023-04-24
Eric Strickland,"583 Carolyn Heights
Kimberlyborough, VT 22493",1979-02-28
Christopher Pope,"455 Bauer Motorway
East Stevenmouth, TX 62020",2018-01-28
Teresa Thomas,"532 Jill Way Apt. 837
Charlesville, OR 80977",1987-08-02
Stephanie Shah,"722 Wendy Drives
North Scottbury, NE 52732",2015-11-25
Sharon Rivera,"5522 Wu Dale
Jamesburgh, VA 74316",1980-10-01
Paul Harris,"2667 Bell Highway Apt. 075
Davistown, KY 26787",2018-09-08
Leslie Jones MD,"48330 Simmons Brook Suite 909
South Derekmouth, SD 46785",1978-10-22
Dan Solomon,"6441 Bruce Summit
West Crystal, MT 04580",1996-01-18
Andre Olson,"6268 Brittany Rapids Suite 077
Port Danielview, GU 95957",2000-10-10
John Hayes,"980 Nicholas Valleys
North Jennifermouth, WV 83165",2012-12-29
Debra Johnson,"269 Robert River
East Charlesmouth, TN 79950",1986-05-11
Bruce Gomez,"50470 Ashley Parkway
Hardinburgh, MT 27328",1997-11-09
Lucas Davidson,"7211 Jeremy Crest Apt. 691
New Courtneyfurt, LA 51683",1997-04-21
Abigail Smith,"648 Clark Villages
Kelseyfurt, ND 29082",2021-04-05
Gregg Alexander,"17642 Page Knolls Suite 682
Reginaview, TX 45785",2005-07-22
Christopher Ortiz,"657 Rachel Shore
Port Jasmineville, MA 97807",1988-12-15
Jessica Green,"24017 Collier Grove Apt. 499
West Derrick, ME 72192",1980-06-08
Sarah Alvarado,"87418 Jay Cliff
New Davidport, NY 18182",1990-02-15
Kimberly Holt,"13748 Ferguson Mountains
Leonardville, IL 12065",1974-11-25
Tyler Alvarez,"86921 Tammy Cove
East Vanessashire, AZ 58449",1997-10-23
Jesse Potter,"3449 Nicholas Prairie Suite 106
Paulborough, AS 03607",1989-01-03
Michelle Miller,"149 Jacob Islands
Benjaminchester, MS 95248",1976-11-03
Jared Taylor,"293 Rice Rapids
North Amberberg, NV 35731",1973-06-13
Kyle Mitchell,"0084 Mary Extension
Laurieside, CA 63504",2023-05-06
Darlene Williams,"410 Bernard Isle Apt. 986
Lake Pamelaton, TN 75859",2006-04-14
Eduardo Kidd,"5218 Rebecca Stravenue
Lake Kimberlyborough, MS 87283",1994-11-15
Shelby Martinez,"870 Bolton River
West Heather, MT 48853",2022-12-23
Joshua Jackson,"57114 Gregory Pass Apt. 568
Libury, FL 46648",2013-09-26
Brenda Ford,"7891 Greer Mountain Apt. 131
West Kelly, MP 22186",2011-10-08
Henry Garcia,"Unit 9678 Box 0774
DPO AP 02617",1985-12-19
Debbie Vega DDS,"8872 Barnes Route Suite 148
Patrickborough, AS 76634",1984-07-27
Deborah Ramos,"6220 Olson Walk
Lake Michaelfort, AR 44395",2016-01-18
Ryan Jones,"728 Edward Parkways
Jonesborough, OK 91492",2021-11-15
Phyllis Daniels,"599 Erin Ridge Apt. 989
Cohenchester, NY 50403",1998-02-21
Phyllis Salas,"73170 Stewart Corner
West Robertview, NY 42676",2020-10-13
Joy Daniels,"41705 Joseph Valley
Maciasport, TX 51942",2023-06-05
Nicole Melton,"3193 Nichols Points
Johnsonshire, TN 49248",2012-11-02
Kathleen Parks,"079 Harris Crest
Maryfort, MS 94647",2003-04-01
Lee Coleman,"09928 Donald Trail
Williamsberg, NY 94502",2007-07-25
Steven Shaffer,"236 Angela Plaza
East Nicole, ID 05861",1982-12-10
Derek Smith,"0882 Timothy Cape Apt. 817
Morrishaven, DE 01908",2021-03-30
Beth Bates,"143 Robert Ridge Suite 899
Lake Carolynport, MH 79811",2006-12-19
Heather Smith,"810 Gray Common Suite 556
West Robert, OH 55527",1998-01-07
Alan Dixon,"Unit 5471 Box 0625
DPO AE 88384",1983-04-08
Melissa Schwartz,"7519 Butler Glen
Lyonsland, MA 12689",2018-10-31
James Li,"48489 Henry Ramp Apt. 510
East Karen, FM 37037",2006-12-20
Christopher Irwin,"59816 Orozco Skyway Suite 003
South Clarencebury, PA 30136",2015-01-05
Kimberly Chan,"USS English
FPO AE 02791",2023-09-14
Cody Cline,"PSC 8991, Box 3704
APO AA 10520",1986-12-24
Ryan Porter,"18686 Austin Harbors Apt. 707
North Katherine, RI 38824",2022-05-29
Sandra Gilbert,"0562 Samuel Flats Suite 997
Hoffmanview, MS 75294",1985-10-25
Tina Washington,"3176 Rose Park Apt. 861
Lake Daniellebury, PA 38966",2019-08-18
Kathleen Garcia,"372 Conley Tunnel Suite 351
North Tracy, WY 97425",1997-04-18
Albert Hall,"USS Hernandez
FPO AE 62899",1971-03-08
Jay Jones,"9798 Hart Causeway
Hallmouth, VI 85437",1998-07-13
Patricia Dickerson,"91821 Harris Row Apt. 462
Allenside, IN 78920",2021-10-31
Elaine Gould,"0406 Morgan Hill
Lucasstad, TX 56514",1997-03-13
Philip Garcia DVM,"1612 Campbell Loaf Suite 608
Stephenstad, NJ 07611",1975-07-08
Brian Smith,"53102 Murphy Curve Apt. 792
New Anneton, PW 47449",1978-03-13
Anthony Henry,"USCGC Jensen
FPO AA 47841",1991-02-11
Erin Mcconnell,"46603 Nguyen Stream
Larryberg, SD 97411",2006-01-09
William Grant,"834 Leslie Mills Suite 540
Williamshaven, FM 37774",1998-03-18
Carrie Jones,"41047 Nancy Street
Gabrielleside, DE 46182",2020-08-20
Angela Martin,"38259 Rice Parkways
Thompsonberg, IL 43221",1976-11-19
Tabitha Taylor,"930 Michael Neck
West Michaelmouth, AS 41779",2018-03-04
Chelsea Johnson,"476 Jim Spring
South Lisachester, IN 95667",2016-02-18
Jonathan Brown,"977 Kathleen Mission
Johnsonbury, VT 92648",2004-09-18
Kenneth Wilson,"0809 Patterson Road Suite 830
Masonport, IA 38936",1982-04-08
Melissa Martin,"5078 Cervantes Cliffs Suite 101
Hinesshire, UT 37911",2010-11-21
Deanna Myers,"48048 Rhodes Ways
New Lisaland, RI 31181",1980-07-03
Anthony Osborne,"378 Michelle Square Apt. 683
North Angelicaport, CA 58978",2002-12-02
Monica Smith,"6750 Todd Cliffs
North Theresa, SD 03900",1997-02-05
Jennifer Collins,"107 Lisa View
West Karen, MN 81672",1986-07-10
Jennifer Medina,"46965 Patterson Extensions Suite 863
East Christina, FL 53334",1990-02-08
Carlos Carpenter,"056 Armstrong Cape
Port Ashley, AR 62329",1997-05-17
Luis Munoz,"16063 Brian Flats
Murphyshire, CT 38965",1997-11-02
Cole Simmons,"35312 Murphy Spur Apt. 460
North Laura, VT 33862",1993-12-07
Debra Reynolds,"4004 Annette Meadow Suite 721
East Taylor, AL 04645",2000-11-19
Alex Campos,"Unit 8443 Box 0708
DPO AP 09496",2022-06-14
Robert Farley,"831 Sharon Ramp Suite 949
Lake Jacqueline, KY 29325",2020-05-06
Lisa Lopez,"9527 Carey Spur Apt. 281
Lake Robert, OK 12862",1992-03-07
Denise Rubio,"9920 Brian Vista
South Juan, TX 15220",2007-10-22
Leonard Flores,"25673 Long Knoll Suite 118
Jamesland, DC 65526",1991-09-15
Matthew Dennis,"73106 Carney Stravenue
Annechester, SD 90575",2004-12-10
Dana Mcdonald,"7939 Jones Throughway
New Charlottefurt, NC 48743",1977-10-02
Carlos Peterson,"6805 Jesus Lake Apt. 251
South Timothyfort, OH 08792",1980-12-27
Sherry Mcclure,"3852 Schmidt Canyon Suite 841
West Daniellemouth, NY 86864",1982-05-08
Lisa Hogan,"PSC 2141, Box 4115
APO AE 04495",1980-12-26
Deborah Bryant,"PSC 9045, Box 6647
APO AA 57464",2007-07-31
Katherine Hall MD,"003 Samantha Knolls Suite 453
South Alexborough, KY 19134",1996-10-15
Erik Ramos,"373 Hector Row
Krystalland, WI 56918",1988-09-10
Eduardo Weber,"6329 Avila Hollow Suite 267
North Annland, VA 62684",2005-08-09
Matthew Hernandez,"38889 John Key
Adkinston, ME 14827",2008-01-11
